Product_ID,Title,Price,Category,Brand,Rating,Stock,Discount_Percentage
1,Essence Mascara Lash Princess,9.99,beauty,Essence,2.56,99,10.48
2,Eyeshadow Palette with Mirror,19.99,beauty,Glamour Beauty,2.86,34,18.19
3,Powder Canister,14.99,beauty,Velvet Touch,4.64,89,9.84
4,Red Lipstick,12.99,beauty,Chic Cosmetics,4.36,91,12.16
5,Red Nail Polish,8.99,beauty,Nail Couture,4.32,79,11.44
6,Calvin Klein CK One,49.99,fragrances,Calvin Klein,4.37,29,1.89
7,Chanel Coco Noir Eau De,129.99,fragrances,Chanel,4.26,58,16.51
8,Dior J'adore,89.99,fragrances,Dior,3.8,98,14.72
9,Dolce Shine Eau de,69.99,fragrances,Dolce & Gabbana,3.96,4,0.62
10,Gucci Bloom Eau de,79.99,fragrances,Gucci,2.74,91,14.39
11,Annibale Colombo Bed,1899.99,furniture,Annibale Colombo,4.77,88,8.57
12,Annibale Colombo Sofa,2499.99,furniture,Annibale Colombo,3.92,60,14.4
13,Bedside Table African Cherry,299.99,furniture,Furniture Co.,2.87,64,19.09
14,Knoll Saarinen Executive Conference Chair,499.99,furniture,Knoll,4.88,26,2.01
15,Wooden Bathroom Sink With Mirror,799.99,furniture,Bath Trends,3.59,7,8.8
16,Apple,1.99,groceries,Not Available,4.19,8,12.62
17,Beef Steak,12.99,groceries,Not Available,4.47,86,9.61
18,Cat Food,8.99,groceries,Not Available,3.13,46,9.58
19,Chicken Meat,9.99,groceries,Not Available,3.19,97,13.7
20,Cooking Oil,4.99,groceries,Not Available,4.8,10,9.33
21,Cucumber,1.49,groceries,Not Available,4.07,84,0.16
22,Dog Food,10.99,groceries,Not Available,4.55,71,10.27
23,Eggs,2.99,groceries,Not Available,2.53,9,11.05
24,Fish Steak,14.99,groceries,Not Available,3.78,74,4.23
25,Green Bell Pepper,1.29,groceries,Not Available,3.25,33,0.16
26,Green Chili Pepper,0.99,groceries,Not Available,3.66,3,1.0
27,Honey Jar,6.99,groceries,Not Available,3.97,34,14.4
28,Ice Cream,5.49,groceries,Not Available,3.39,27,8.69
29,Juice,3.99,groceries,Not Available,3.94,50,12.06
30,Kiwi,2.49,groceries,Not Available,4.93,99,15.22
31,Lemon,0.79,groceries,Not Available,3.53,31,9.7
32,Milk,3.49,groceries,Not Available,2.61,27,13.74
33,Mulberry,4.99,groceries,Not Available,4.95,99,12.87
34,Nescafe Coffee,7.99,groceries,Not Available,4.82,57,1.59
35,Potatoes,2.29,groceries,Not Available,4.81,13,5.38
36,Protein Powder,19.99,groceries,Not Available,4.18,80,7.59
37,Red Onions,1.99,groceries,Not Available,4.2,82,9.9
38,Rice,5.99,groceries,Not Available,3.18,59,9.29
39,Soft Drinks,1.99,groceries,Not Available,4.75,53,17.48
40,Strawberry,3.99,groceries,Not Available,3.08,46,1.12
41,Tissue Paper Box,2.49,groceries,Not Available,2.69,86,13.28
42,Water,0.99,groceries,Not Available,4.96,53,14.92
43,Decoration Swing,59.99,home-decoration,Not Available,3.16,47,10.41
44,Family Tree Photo Frame,29.99,home-decoration,Not Available,4.53,77,14.87
45,House Showpiece Plant,39.99,home-decoration,Not Available,4.67,28,7.46
46,Plant Pot,14.99,home-decoration,Not Available,3.01,59,6.84
47,Table Lamp,49.99,home-decoration,Not Available,3.55,9,7.09
48,Bamboo Spatula,7.99,kitchen-accessories,Not Available,3.27,37,2.84
49,Black Aluminium Cup,5.99,kitchen-accessories,Not Available,4.46,75,15.65
50,Black Whisk,9.99,kitchen-accessories,Not Available,3.9,73,10.24
51,Boxed Blender,39.99,kitchen-accessories,Not Available,4.56,9,7.26
52,Carbon Steel Wok,29.99,kitchen-accessories,Not Available,4.05,40,6.53
53,Chopping Board,12.99,kitchen-accessories,Not Available,3.7,14,8.03
54,Citrus Squeezer Yellow,8.99,kitchen-accessories,Not Available,4.63,22,12.1
55,Egg Slicer,6.99,kitchen-accessories,Not Available,3.09,40,14.76
56,Electric Stove,49.99,kitchen-accessories,Not Available,4.11,21,14.04
57,Fine Mesh Strainer,9.99,kitchen-accessories,Not Available,3.04,85,3.5
58,Fork,3.99,kitchen-accessories,Not Available,3.11,7,8.07
59,Glass,4.99,kitchen-accessories,Not Available,4.02,46,7.92
60,Grater Black,10.99,kitchen-accessories,Not Available,3.21,84,3.56
61,Hand Blender,34.99,kitchen-accessories,Not Available,3.86,84,17.02
62,Ice Cube Tray,5.99,kitchen-accessories,Not Available,4.71,13,0.63
63,Kitchen Sieve,7.99,kitchen-accessories,Not Available,3.09,68,18.91
64,Knife,14.99,kitchen-accessories,Not Available,3.26,7,18.86
65,Lunch Box,12.99,kitchen-accessories,Not Available,4.93,94,10.34
66,Microwave Oven,89.99,kitchen-accessories,Not Available,4.82,59,12.13
67,Mug Tree Stand,15.99,kitchen-accessories,Not Available,2.64,88,9.25
68,Pan,24.99,kitchen-accessories,Not Available,2.79,90,3.0
69,Plate,3.99,kitchen-accessories,Not Available,3.65,66,7.31
70,Red Tongs,6.99,kitchen-accessories,Not Available,4.42,82,14.52
71,Silver Pot With Glass Cap,39.99,kitchen-accessories,Not Available,3.22,40,5.7
72,Slotted Turner,8.99,kitchen-accessories,Not Available,3.4,88,13.35
73,Spice Rack,19.99,kitchen-accessories,Not Available,4.87,79,12.09
74,Spoon,4.99,kitchen-accessories,Not Available,4.03,59,1.53
75,Tray,16.99,kitchen-accessories,Not Available,4.62,71,7.48
76,Wooden Rolling Pin,11.99,kitchen-accessories,Not Available,2.92,80,9.75
77,Yellow Peeler,5.99,kitchen-accessories,Not Available,4.24,35,12.48
78,Apple MacBook Pro 14 Inch Space Grey,1999.99,laptops,Apple,3.65,24,4.69
79,Asus Zenbook Pro Dual Screen Laptop,1799.99,laptops,Asus,3.95,45,11.14
80,Huawei Matebook X Pro,1399.99,laptops,Huawei,4.98,75,9.38
81,Lenovo Yoga 920,1099.99,laptops,Lenovo,2.86,40,6.55
82,New DELL XPS 13 9300 Laptop,1499.99,laptops,Dell,2.67,74,11.89
83,Blue & Black Check Shirt,29.99,mens-shirts,Fashion Trends,3.64,38,15.35
84,Gigabyte Aorus Men Tshirt,24.99,mens-shirts,Gigabyte,3.18,90,0.94
85,Man Plaid Shirt,34.99,mens-shirts,Classic Wear,3.46,82,19.5
86,Man Short Sleeve Shirt,19.99,mens-shirts,Casual Comfort,2.9,2,6.83
87,Men Check Shirt,27.99,mens-shirts,Urban Chic,2.72,95,11.38
88,Nike Air Jordan 1 Red And Black,149.99,mens-shoes,Nike,4.77,7,4.12
89,Nike Baseball Cleats,79.99,mens-shoes,Nike,3.88,12,18.04
90,Puma Future Rider Trainers,89.99,mens-shoes,Puma,4.9,90,4.2
91,Sports Sneakers Off White & Red,119.99,mens-shoes,Off White,4.77,17,4.97
92,Sports Sneakers Off White Red,109.99,mens-shoes,Off White,4.69,62,0.04
93,Brown Leather Belt Watch,89.99,mens-watches,Fashion Timepieces,4.19,32,5.99
94,Longines Master Collection,1499.99,mens-watches,Longines,3.87,100,17.24
95,Rolex Cellini Date Black Dial,8999.99,mens-watches,Rolex,4.97,40,8.88
96,Rolex Cellini Moonphase,12999.99,mens-watches,Rolex,2.58,36,17.52
97,Rolex Datejust,10999.99,mens-watches,Rolex,3.66,86,3.73
98,Rolex Submariner Watch,13999.99,mens-watches,Rolex,2.69,55,5.05
99,Amazon Echo Plus,99.99,mobile-accessories,Amazon,4.99,61,12.07
100,Apple Airpods,129.99,mobile-accessories,Apple,4.15,67,15.54
